{ "frames": {
   "Sprite-0001 #iDLE.": {
    "frame": { "x": 0, "y": 0, "w": 16, "h": 16 },
    "rotated": false,
    "trimmed": false,
    "spriteSourceSize": { "x": 0, "y": 0, "w": 16, "h": 16 },
    "sourceSize": { "w": 16, "h": 16 },
    "duration": 100
   },
   "Sprite-0001 #Running 0.": {
    "frame": { "x": 0, "y": 16, "w": 16, "h": 16 },
    "rotated": false,
    "trimmed": false,
    "spriteSourceSize": { "x": 0, "y": 0, "w": 16, "h": 16 },
    "sourceSize": { "w": 16, "h": 16 },
    "duration": 100
   },
   "Sprite-0001 #Running 1.": {
    "frame": { "x": 16, "y": 16, "w": 16, "h": 16 },
    "rotated": false,
    "trimmed": false,
    "spriteSourceSize": { "x": 0, "y": 0, "w": 16, "h": 16 },
    "sourceSize": { "w": 16, "h": 16 },
    "duration": 100
   },
   "Sprite-0001 #Running 2.": {
    "frame": { "x": 32, "y": 16, "w": 16, "h": 16 },
    "rotated": false,
    "trimmed": false,
    "spriteSourceSize": { "x": 0, "y": 0, "w": 16, "h": 16 },
    "sourceSize": { "w": 16, "h": 16 },
    "duration": 100
   },
   "Sprite-0001 #Running 3.": {
    "frame": { "x": 48, "y": 16, "w": 16, "h": 16 },
    "rotated": false,
    "trimmed": false,
    "spriteSourceSize": { "x": 0, "y": 0, "w": 16, "h": 16 },
    "sourceSize": { "w": 16, "h": 16 },
    "duration": 100
   },
   "Sprite-0001 #Running 4.": {
    "frame": { "x": 64, "y": 16, "w": 16, "h": 16 },
    "rotated": false,
    "trimmed": false,
    "spriteSourceSize": { "x": 0, "y": 0, "w": 16, "h": 16 },
    "sourceSize": { "w": 16, "h": 16 },
    "duration": 100
   },
   "Sprite-0001 #Running 5.": {
    "frame": { "x": 80, "y": 16, "w": 16, "h": 16 },
    "rotated": false,
    "trimmed": false,
    "spriteSourceSize": { "x": 0, "y": 0, "w": 16, "h": 16 },
    "sourceSize": { "w": 16, "h": 16 },
    "duration": 100
   },
   "Sprite-0001 #Loop 0.": {
    "frame": { "x": 0, "y": 32, "w": 16, "h": 16 },
    "rotated": false,
    "trimmed": false,
    "spriteSourceSize": { "x": 0, "y": 0, "w": 16, "h": 16 },
    "sourceSize": { "w": 16, "h": 16 },
    "duration": 100
   },
   "Sprite-0001 #Loop 1.": {
    "frame": { "x": 16, "y": 32, "w": 16, "h": 16 },
    "rotated": false,
    "trimmed": false,
    "spriteSourceSize": { "x": 0, "y": 0, "w": 16, "h": 16 },
    "sourceSize": { "w": 16, "h": 16 },
    "duration": 100
   },
   "Sprite-0001 #Loop 2.": {
    "frame": { "x": 32, "y": 32, "w": 16, "h": 16 },
    "rotated": false,
    "trimmed": false,
    "spriteSourceSize": { "x": 0, "y": 0, "w": 16, "h": 16 },
    "sourceSize": { "w": 16, "h": 16 },
    "duration": 100
   }
 },
 "meta": {
  "app": "https://www.aseprite.org/",
  "version": "1.3.5-x64",
  "image": "player.png",
  "format": "RGBA8888",
  "size": { "w": 96, "h": 48 },
  "scale": "1",
  "frameTags": [
   { "name": "iDLE", "from": 0, "to": 0, "direction": "forward", "color": "#000000ff" },
   { "name": "Running", "from": 1, "to": 6, "direction": "forward", "color": "#000000ff" },
   { "name": "Loop", "from": 7, "to": 9, "direction": "forward", "color": "#000000ff" },
   { "name": "Jump", "from": 7, "to": 9, "direction": "forward", "color": "#000000ff" }
  ],
  "layers": [
   { "name": "Layer 1", "opacity": 255, "blendMode": "normal" }
  ],
  "slices": [
  ]
 }
}
